{
  "test_name": "KCoO2_Mn@Co_site16",
  "host_formula": "KCoO2",
  "dopant": "Mn",
  "target_site_element": "Co",
  "site_index": 16,
  "supercell_size": 2,
  "formation_energy_eV": -2.526021957397461,
  "pristine_energy_eV": -588.21240234375,
  "doped_energy_eV": -592.2251586914062,
  "mu_dopant_eV": -14.690706253051758,
  "mu_removed_eV": -13.203971862792969,
  "relaxed_space_group": "Pm (6)",
  "relaxed_coordination": 5,
  "relaxed_mean_nn_distance_A": 1.8506645919918667,
  "relaxed_nn_distances_A": [
    1.7312096416447864,
    1.8796023490065594,
    1.8799978841458167,
    1.8799992606643936,
    1.8825138244977777
  ],
  "md_temperature_K": 573.15,
  "md_duration_ps": 25.0,
  "md_msd_slope_A2_per_ps": -0.005144926268269109,
  "md_msd_final_A2": 0.12929661761763783,
  "md_max_displacement_A": 0.8314396027735802,
  "md_coordination_min": 4,
  "md_coordination_max": 5,
  "md_coordination_mean": 4.995203836930456,
  "md_volume_change_pct": 0.0,
  "md_space_group": "P1 (1)",
  "md_mean_nn_distance_A": 1.8697521712763279,
  "charge_mismatch": 0,
  "compensation_applied": false,
  "compensation_description": "isovalent \u2014 no charge compensation needed",
  "notes": [
    "Symmetric multiplicity: 16",
    "Analysis outputs in analysis/T300/KCoO2_Mn@Co_site16"
  ],
  "timestamp": "2026-05-30T17:26:48",
  "verdict": "STABLE",
  "ef_pass": true,
  "msd_pass": true,
  "coordination_pass": true,
  "lattice_pass": true,
  "space_group_preserved": false
}