{
  "test_name": "NaCoO2_Al@Co_site24",
  "host_formula": "NaCoO2",
  "dopant": "Al",
  "target_site_element": "Co",
  "site_index": 24,
  "supercell_size": 2,
  "formation_energy_eV": -4.7820940017700195,
  "pristine_energy_eV": -841.4517822265625,
  "doped_energy_eV": -839.7104187011719,
  "mu_dopant_eV": -6.680514335632324,
  "mu_removed_eV": -13.203971862792969,
  "relaxed_space_group": "P-3m1 (164)",
  "relaxed_coordination": 6,
  "relaxed_mean_nn_distance_A": 1.910274039796466,
  "relaxed_nn_distances_A": [
    1.909525834168011,
    1.9096161650020227,
    1.9100142102201896,
    1.910552386580858,
    1.9109319625619672,
    1.9110036802457464
  ],
  "md_temperature_K": 573.15,
  "md_duration_ps": 25.0,
  "md_msd_slope_A2_per_ps": 0.0036850629073031504,
  "md_msd_final_A2": 0.5477529309164308,
  "md_max_displacement_A": 1.0914225187438624,
  "md_coordination_min": 6,
  "md_coordination_max": 6,
  "md_coordination_mean": 6.0,
  "md_volume_change_pct": 0.0,
  "md_space_group": "P1 (1)",
  "md_mean_nn_distance_A": 1.921114316159934,
  "charge_mismatch": 0,
  "compensation_applied": false,
  "compensation_description": "isovalent \u2014 no charge compensation needed",
  "notes": [
    "Symmetric multiplicity: 24",
    "Analysis outputs in analysis/T300/NaCoO2_Al@Co_site24"
  ],
  "timestamp": "2026-05-30T05:44:07",
  "verdict": "STABLE",
  "ef_pass": true,
  "msd_pass": true,
  "coordination_pass": true,
  "lattice_pass": true,
  "space_group_preserved": false
}