{
  "test_name": "Mn@Co_site24",
  "host_formula": "NaCoO2",
  "dopant": "Mn",
  "target_site_element": "Co",
  "site_index": 24,
  "supercell_size": 2,
  "formation_energy_eV": -2.0981035232543945,
  "pristine_energy_eV": -841.4517822265625,
  "doped_energy_eV": -845.03662109375,
  "mu_dopant_eV": -14.690706253051758,
  "mu_removed_eV": -13.203970909118652,
  "relaxed_space_group": "P-3m1 (164)",
  "relaxed_coordination": 6,
  "relaxed_mean_nn_distance_A": 1.9220819722945877,
  "relaxed_nn_distances_A": [
    1.9212577039733116,
    1.9213133810620862,
    1.9213878571941518,
    1.9227766313415926,
    1.9228486036761228,
    1.92290765652026
  ],
  "md_temperature_K": 523.15,
  "md_duration_ps": 50.0,
  "md_msd_slope_A2_per_ps": -0.001166990946043245,
  "md_msd_final_A2": 0.32481852353462537,
  "md_max_displacement_A": 0.9308923054085247,
  "md_coordination_min": 6,
  "md_coordination_max": 6,
  "md_coordination_mean": 6.0,
  "md_volume_change_pct": 0.0,
  "md_space_group": "P1 (1)",
  "md_mean_nn_distance_A": 1.9369677057979244,
  "charge_mismatch": 0,
  "compensation_applied": false,
  "compensation_description": "isovalent \u2014 no charge compensation needed",
  "notes": [
    "Symmetric multiplicity: 24",
    "Analysis outputs in analysis\\Mn@Co_site24"
  ],
  "timestamp": "2026-05-19T12:05:47",
  "verdict": "STABLE",
  "ef_pass": true,
  "msd_pass": true,
  "coordination_pass": true,
  "lattice_pass": true,
  "space_group_preserved": false
}