{
  "site_index": 0,
  "energy_eV": -829.7570190429688,
  "space_group": "C2/m (12)",
  "coordination": 6,
  "nn_distances_A": [
    2.213281179740041,
    2.213285904497564,
    2.2132863265830167,
    2.213289818794329,
    2.2132943306523276,
    2.213297973138397
  ],
  "compensation_applied": true,
  "comp_warnings": []
}