{
  "site_index": 0,
  "energy_eV": -824.3946533203125,
  "space_group": "C2/m (12)",
  "coordination": 6,
  "nn_distances_A": [
    1.926010237390475,
    1.9261274509337942,
    1.9263515645719402,
    1.9265963579651877,
    1.927049997808725,
    1.9271685412909476
  ],
  "compensation_applied": true,
  "comp_warnings": []
}