{
  "site_index": 0,
  "energy_eV": -828.4331665039062,
  "space_group": "C2 (5)",
  "coordination": 6,
  "nn_distances_A": [
    2.047737948013136,
    2.0477806394599396,
    2.063760915940671,
    2.06383763425298,
    2.0757780380569684,
    2.075820092628012
  ],
  "compensation_applied": true,
  "comp_warnings": []
}