{
  "site_index": 0,
  "energy_eV": -846.9432373046875,
  "space_group": "C2/m (12)",
  "coordination": 6,
  "nn_distances_A": [
    2.302159736990146,
    2.302164083652637,
    2.302172081784247,
    2.3021833894945516,
    2.3023952633509124,
    2.30241752303823
  ],
  "compensation_applied": true,
  "comp_warnings": []
}