{
  "site_index": 24,
  "energy_eV": -829.0962524414062,
  "space_group": "P3m1 (156)",
  "coordination": 6,
  "nn_distances_A": [
    1.8770896183201529,
    1.8770999536384243,
    1.8771049896655632,
    1.9308150899501086,
    1.9308227907172621,
    1.9308329449209474
  ],
  "compensation_applied": true,
  "comp_warnings": []
}