{
  "site_index": 0,
  "energy_eV": -825.1217651367188,
  "space_group": "C2 (5)",
  "coordination": 6,
  "nn_distances_A": [
    1.9982434922443761,
    1.998330277745765,
    2.0032598641648107,
    2.003463572527146,
    2.00878453476007,
    2.0088837674214095
  ],
  "compensation_applied": true,
  "comp_warnings": []
}