{
  "site_index": 0,
  "energy_eV": -829.8007202148438,
  "space_group": "C2/m (12)",
  "coordination": 6,
  "nn_distances_A": [
    2.0689674830136835,
    2.069296124739376,
    2.079003909476733,
    2.079006543689811,
    2.079048412337492,
    2.0790488692485876
  ],
  "compensation_applied": true,
  "comp_warnings": []
}