{
  "site_index": 24,
  "energy_eV": -835.9082641601562,
  "space_group": "P3m1 (156)",
  "coordination": 6,
  "nn_distances_A": [
    1.877917421261969,
    1.8779185843875326,
    1.8779191619598696,
    1.932993636788411,
    1.9329936770054048,
    1.9329982068813227
  ],
  "compensation_applied": true,
  "comp_warnings": []
}