{
  "site_index": 0,
  "energy_eV": -829.1026000976562,
  "space_group": "C2/m (12)",
  "coordination": 6,
  "nn_distances_A": [
    2.1147326521005456,
    2.1147337214190474,
    2.114734742286128,
    2.114736784996921,
    2.1147371778564352,
    2.114739077329741
  ],
  "compensation_applied": true,
  "comp_warnings": []
}