{
  "site_index": 24,
  "energy_eV": -840.44775390625,
  "space_group": "P-3m1 (164)",
  "coordination": 6,
  "nn_distances_A": [
    2.1399679877959223,
    2.139970338968407,
    2.1399715386315736,
    2.1399776818610627,
    2.139983878059966,
    2.1399839000747662
  ],
  "compensation_applied": false,
  "comp_warnings": []
}