{
  "site_index": 24,
  "energy_eV": -832.7832641601562,
  "space_group": "P-3m1 (164)",
  "coordination": 6,
  "nn_distances_A": [
    2.049244518533035,
    2.049300646395002,
    2.050143632907182,
    2.0504232664961863,
    2.0512605321988935,
    2.0513254248757002
  ],
  "compensation_applied": false,
  "comp_warnings": []
}