{
  "site_index": 0,
  "energy_eV": -836.7022705078125,
  "space_group": "C2/m (12)",
  "coordination": 6,
  "nn_distances_A": [
    2.308550965843722,
    2.3085509983846126,
    2.3085517209389903,
    2.308552144585067,
    2.308552532036495,
    2.3085525451819557
  ],
  "compensation_applied": true,
  "comp_warnings": []
}