{
  "site_index": 0,
  "energy_eV": -830.4035034179688,
  "space_group": "C2/m (12)",
  "coordination": 6,
  "nn_distances_A": [
    2.0898113653263604,
    2.08981202670601,
    2.0898567966377337,
    2.0898579448415853,
    2.089859335184013,
    2.089860020732014
  ],
  "compensation_applied": true,
  "comp_warnings": []
}