{
  "site_index": 24,
  "energy_eV": -830.4854125976562,
  "space_group": "P-3m1 (164)",
  "coordination": 6,
  "nn_distances_A": [
    1.9182154788970318,
    1.9182404859382691,
    1.963607131649612,
    1.963637673366308,
    1.9652157313991274,
    1.9652469999985438
  ],
  "compensation_applied": true,
  "comp_warnings": []
}