{
  "site_index": 0,
  "energy_eV": -825.1665649414062,
  "space_group": "C2/m (12)",
  "coordination": 6,
  "nn_distances_A": [
    2.063418677753069,
    2.063419029263718,
    2.0634667006373224,
    2.063466891482331,
    2.063467518062019,
    2.0634688106062664
  ],
  "compensation_applied": true,
  "comp_warnings": []
}