{
  "site_index": 24,
  "energy_eV": -827.4530029296875,
  "space_group": "P-3m1 (164)",
  "coordination": 6,
  "nn_distances_A": [
    1.8951497929680132,
    1.8951511580396345,
    1.8951512187605852,
    1.8951513201345909,
    1.8951514912145735,
    1.8951527897437728
  ],
  "compensation_applied": false,
  "comp_warnings": []
}