{
  "site_index": 0,
  "energy_eV": -828.282470703125,
  "space_group": "C2/m (12)",
  "coordination": 6,
  "nn_distances_A": [
    2.053749784205625,
    2.0537547399202984,
    2.0551208792686606,
    2.055124111675217,
    2.055127916616947,
    2.055129522586882
  ],
  "compensation_applied": true,
  "comp_warnings": []
}