{
  "site_index": 24,
  "energy_eV": -827.3028564453125,
  "space_group": "P-3m1 (164)",
  "coordination": 6,
  "nn_distances_A": [
    1.965989934913937,
    1.9659902549215214,
    1.9659905731525238,
    1.9659905795164316,
    1.9659906578864326,
    1.9659906721119975
  ],
  "compensation_applied": false,
  "comp_warnings": []
}