{
  "site_index": 24,
  "energy_eV": -833.7340698242188,
  "space_group": "C2 (5)",
  "coordination": 6,
  "nn_distances_A": [
    1.9169538893028724,
    1.9170389979512739,
    1.9224338793556153,
    1.9224389381095617,
    1.9990456922368618,
    1.9991786747595917
  ],
  "compensation_applied": true,
  "comp_warnings": []
}