{
  "site_index": 24,
  "energy_eV": -847.7653198242188,
  "space_group": "P-3m1 (164)",
  "coordination": 6,
  "nn_distances_A": [
    2.2223719950516676,
    2.2223729432076063,
    2.222374879890449,
    2.22237597569522,
    2.222376774058164,
    2.2223790750314247
  ],
  "compensation_applied": false,
  "comp_warnings": []
}