{
  "site_index": 24,
  "energy_eV": -833.8145751953125,
  "space_group": "P-3m1 (164)",
  "coordination": 6,
  "nn_distances_A": [
    1.9693113533234987,
    1.9694020701931738,
    1.9694651004496297,
    1.970485567191306,
    1.9705562311969966,
    1.970651746231235
  ],
  "compensation_applied": false,
  "comp_warnings": []
}