{
  "site_index": 0,
  "energy_eV": -828.8229370117188,
  "space_group": "C2/m (12)",
  "coordination": 6,
  "nn_distances_A": [
    2.0842847863538307,
    2.084285161348211,
    2.084286404286602,
    2.0842868890007886,
    2.0843097210438555,
    2.0843118975884463
  ],
  "compensation_applied": true,
  "comp_warnings": []
}