{
  "site_index": 0,
  "energy_eV": -832.0156860351562,
  "space_group": "P-3m1 (164)",
  "coordination": 6,
  "nn_distances_A": [
    2.0704648887592727,
    2.070476695543906,
    2.071113444182663,
    2.0711415099975192,
    2.071875435548694,
    2.0718972801901363
  ],
  "compensation_applied": true,
  "comp_warnings": []
}