{
  "site_index": 24,
  "energy_eV": -832.7887573242188,
  "space_group": "P-3m1 (164)",
  "coordination": 6,
  "nn_distances_A": [
    1.9034687835399968,
    1.9035767678846727,
    1.903608423609308,
    1.9061965594731995,
    1.9062262822731344,
    1.9065523027436533
  ],
  "compensation_applied": false,
  "comp_warnings": []
}