{
  "site_index": 0,
  "energy_eV": -830.8548583984375,
  "space_group": "C2/m (12)",
  "coordination": 6,
  "nn_distances_A": [
    2.013776533511547,
    2.0137805993692237,
    2.013998797846584,
    2.0139995493399065,
    2.0140141193125523,
    2.0140141205744744
  ],
  "compensation_applied": true,
  "comp_warnings": []
}