{
  "site_index": 24,
  "energy_eV": -845.0365905761719,
  "space_group": "P-3m1 (164)",
  "coordination": 6,
  "nn_distances_A": [
    1.921239935754184,
    1.9213385639996876,
    1.921423394358695,
    1.9227449225795048,
    1.9228269223253844,
    1.9229242886762339
  ],
  "compensation_applied": false,
  "comp_warnings": []
}