{
  "site_index": 24,
  "energy_eV": -839.7104187011719,
  "space_group": "P-3m1 (164)",
  "coordination": 6,
  "nn_distances_A": [
    1.909525834168011,
    1.9096161650020227,
    1.9100142102201896,
    1.910552386580858,
    1.9109319625619672,
    1.9110036802457464
  ],
  "compensation_applied": false,
  "comp_warnings": []
}