{
  "site_index": 0,
  "energy_eV": -836.2697143554688,
  "space_group": "C2/m (12)",
  "coordination": 6,
  "nn_distances_A": [
    2.1718366103704714,
    2.171840304293903,
    2.171848680537748,
    2.1718513765735072,
    2.1800238969255523,
    2.1800296255076805
  ],
  "compensation_applied": true,
  "comp_warnings": []
}