{
  "site_index": 0,
  "energy_eV": -840.9639892578125,
  "space_group": "C2/m (12)",
  "coordination": 6,
  "nn_distances_A": [
    2.204827626263049,
    2.2048495523035374,
    2.204894394758638,
    2.2048944510992867,
    2.2049179146867677,
    2.20491847150612
  ],
  "compensation_applied": true,
  "comp_warnings": []
}