{
  "site_index": 24,
  "energy_eV": -839.6232604980469,
  "space_group": "P-3m1 (164)",
  "coordination": 6,
  "nn_distances_A": [
    1.9985606351023872,
    1.9985616234426449,
    1.9985641529117129,
    1.9985669881631332,
    1.9985683725083174,
    1.998568424160289
  ],
  "compensation_applied": false,
  "comp_warnings": []
}