{
  "site_index": 0,
  "energy_eV": -841.5929565429688,
  "space_group": "C2/m (12)",
  "coordination": 6,
  "nn_distances_A": [
    2.081099787547538,
    2.0811003471655667,
    2.081103508080233,
    2.081103835297541,
    2.08139236111852,
    2.0813944422337616
  ],
  "compensation_applied": true,
  "comp_warnings": []
}