{
  "site_index": 24,
  "energy_eV": -843.1917114257812,
  "space_group": "P-3m1 (164)",
  "coordination": 6,
  "nn_distances_A": [
    2.0156306270443425,
    2.015650352292977,
    2.015661403035612,
    2.0190036485383263,
    2.0190038437057,
    2.0190132305879973
  ],
  "compensation_applied": false,
  "comp_warnings": []
}