{
  "site_index": 0,
  "energy_eV": -835.057373046875,
  "space_group": "C2/m (12)",
  "coordination": 6,
  "nn_distances_A": [
    1.9413494547932169,
    1.9417755850819587,
    1.9425243553921232,
    1.943228491783182,
    1.9441538050885956,
    1.9444161471739616
  ],
  "compensation_applied": true,
  "comp_warnings": []
}