{
  "site_index": 24,
  "energy_eV": -846.178466796875,
  "space_group": "P-3m1 (164)",
  "coordination": 6,
  "nn_distances_A": [
    1.9891063925602472,
    1.989107176971274,
    1.9891092216023738,
    1.9891407751129426,
    1.9891411879642023,
    1.9891426004071198
  ],
  "compensation_applied": false,
  "comp_warnings": []
}