{
  "site_index": 0,
  "energy_eV": -839.3724975585938,
  "space_group": "C2/m (12)",
  "coordination": 6,
  "nn_distances_A": [
    2.1883414136308037,
    2.188343706316946,
    2.1883446035213567,
    2.188346862373916,
    2.1904990510230795,
    2.190527456879457
  ],
  "compensation_applied": true,
  "comp_warnings": []
}