{
  "site_index": 24,
  "energy_eV": -839.7101440429688,
  "space_group": "P-3m1 (164)",
  "coordination": 18,
  "nn_distances_A": [
    1.9093534251508597,
    1.9097108337475317,
    1.9100374377759206,
    1.9103936016622638,
    1.9107052308486439,
    1.911077643085231,
    2.8773801357550033,
    2.877589323741691,
    2.877940834576802,
    2.8783493288740516,
    2.878700404246471,
    2.8789091522739896,
    3.085407259805083,
    3.085577533118882,
    3.0859065466878683,
    3.086371708562164,
    3.0867530044064235,
    3.0869626409172706
  ]
}