{
  "site_index": 0,
  "energy_eV": -837.9888305664062,
  "space_group": "C2/m (12)",
  "coordination": 6,
  "nn_distances_A": [
    2.1534096584945703,
    2.1534136070221446,
    2.15343298812116,
    2.153434473636926,
    2.1534350722785476,
    2.15343673452329
  ],
  "compensation_applied": true,
  "comp_warnings": []
}