{
  "test_name": "LiCoO2_Mn@Co_site24",
  "host_formula": "LiCoO2",
  "dopant": "Mn",
  "target_site_element": "Co",
  "site_index": 24,
  "supercell_size": 2,
  "formation_energy_eV": -2.125204086303711,
  "pristine_energy_eV": -829.1768188476562,
  "doped_energy_eV": -832.7887573242188,
  "mu_dopant_eV": -14.690706253051758,
  "mu_removed_eV": -13.203971862792969,
  "relaxed_space_group": "P-3m1 (164)",
  "relaxed_coordination": 6,
  "relaxed_mean_nn_distance_A": 1.9049381865873274,
  "relaxed_nn_distances_A": [
    1.9034687835399968,
    1.9035767678846727,
    1.903608423609308,
    1.9061965594731995,
    1.9062262822731344,
    1.9065523027436533
  ],
  "md_temperature_K": 623.15,
  "md_duration_ps": 25.0,
  "md_msd_slope_A2_per_ps": 0.002736900434865757,
  "md_msd_final_A2": 0.24977810507847265,
  "md_max_displacement_A": 1.2904207465676871,
  "md_coordination_min": 6,
  "md_coordination_max": 7,
  "md_coordination_mean": 6.027977617905676,
  "md_volume_change_pct": 0.0,
  "md_space_group": "P1 (1)",
  "md_mean_nn_distance_A": 1.9236531787831248,
  "charge_mismatch": 0,
  "compensation_applied": false,
  "compensation_description": "isovalent \u2014 no charge compensation needed",
  "notes": [
    "Symmetric multiplicity: 24",
    "Analysis outputs in analysis/T350/LiCoO2_Mn@Co_site24"
  ],
  "timestamp": "2026-05-31T04:03:24",
  "verdict": "STABLE",
  "ef_pass": true,
  "msd_pass": true,
  "coordination_pass": true,
  "lattice_pass": true,
  "space_group_preserved": false
}