{
  "test_name": "LiCoO2_Y@Co_site24",
  "host_formula": "LiCoO2",
  "dopant": "Y",
  "target_site_element": "Co",
  "site_index": 24,
  "supercell_size": 2,
  "formation_energy_eV": -4.208621978759766,
  "pristine_energy_eV": -829.1768188476562,
  "doped_energy_eV": -840.44775390625,
  "mu_dopant_eV": -20.266284942626953,
  "mu_removed_eV": -13.203971862792969,
  "relaxed_space_group": "P-3m1 (164)",
  "relaxed_coordination": 6,
  "relaxed_mean_nn_distance_A": 2.139975887565283,
  "relaxed_nn_distances_A": [
    2.1399679877959223,
    2.139970338968407,
    2.1399715386315736,
    2.1399776818610627,
    2.139983878059966,
    2.1399839000747662
  ],
  "md_temperature_K": 623.15,
  "md_duration_ps": 25.0,
  "md_msd_slope_A2_per_ps": -0.0005140629398011963,
  "md_msd_final_A2": 0.02295128786197401,
  "md_max_displacement_A": 0.5738644851939333,
  "md_coordination_min": 5,
  "md_coordination_max": 7,
  "md_coordination_mean": 6.012789768185452,
  "md_volume_change_pct": 0.0,
  "md_space_group": "P1 (1)",
  "md_mean_nn_distance_A": 2.150117352665198,
  "charge_mismatch": 0,
  "compensation_applied": false,
  "compensation_description": "isovalent \u2014 no charge compensation needed",
  "notes": [
    "Symmetric multiplicity: 24",
    "Analysis outputs in analysis/T350/LiCoO2_Y@Co_site24"
  ],
  "timestamp": "2026-05-31T14:23:38",
  "verdict": "STABLE",
  "ef_pass": true,
  "msd_pass": true,
  "coordination_pass": true,
  "lattice_pass": true,
  "space_group_preserved": false
}