{
  "test_name": "LiCoO2_Al@Co_site24",
  "host_formula": "LiCoO2",
  "dopant": "Al",
  "target_site_element": "Co",
  "site_index": 24,
  "supercell_size": 2,
  "formation_energy_eV": -4.7996416091918945,
  "pristine_energy_eV": -829.1768188476562,
  "doped_energy_eV": -827.4530029296875,
  "mu_dopant_eV": -6.680514335632324,
  "mu_removed_eV": -13.203971862792969,
  "relaxed_space_group": "P-3m1 (164)",
  "relaxed_coordination": 6,
  "relaxed_mean_nn_distance_A": 1.8951512951435283,
  "relaxed_nn_distances_A": [
    1.8951497929680132,
    1.8951511580396345,
    1.8951512187605852,
    1.8951513201345909,
    1.8951514912145735,
    1.8951527897437728
  ],
  "md_temperature_K": 623.15,
  "md_duration_ps": 25.0,
  "md_msd_slope_A2_per_ps": -0.0021131135963684657,
  "md_msd_final_A2": 0.002817550493250698,
  "md_max_displacement_A": 0.9731352122276686,
  "md_coordination_min": 6,
  "md_coordination_max": 8,
  "md_coordination_mean": 6.126298960831335,
  "md_volume_change_pct": 0.0,
  "md_space_group": "P1 (1)",
  "md_mean_nn_distance_A": 1.9212865752126593,
  "charge_mismatch": 0,
  "compensation_applied": false,
  "compensation_description": "isovalent \u2014 no charge compensation needed",
  "notes": [
    "Symmetric multiplicity: 24",
    "Analysis outputs in analysis/T350/LiCoO2_Al@Co_site24"
  ],
  "timestamp": "2026-05-30T19:36:57",
  "verdict": "STRUCTURAL COLLAPSE",
  "ef_pass": true,
  "msd_pass": true,
  "coordination_pass": false,
  "lattice_pass": true,
  "space_group_preserved": false
}