{
  "test_name": "LiCoO2_Sc@Co_site24",
  "host_formula": "LiCoO2",
  "dopant": "Sc",
  "target_site_element": "Co",
  "site_index": 24,
  "supercell_size": 2,
  "formation_energy_eV": -5.490377426147461,
  "pristine_energy_eV": -829.1768188476562,
  "doped_energy_eV": -832.7832641601562,
  "mu_dopant_eV": -11.320039749145508,
  "mu_removed_eV": -13.203971862792969,
  "relaxed_space_group": "P-3m1 (164)",
  "relaxed_coordination": 6,
  "relaxed_mean_nn_distance_A": 2.0502830035676665,
  "relaxed_nn_distances_A": [
    2.049244518533035,
    2.049300646395002,
    2.050143632907182,
    2.0504232664961863,
    2.0512605321988935,
    2.0513254248757002
  ],
  "md_temperature_K": 623.15,
  "md_duration_ps": 25.0,
  "md_msd_slope_A2_per_ps": 0.0043549138327249205,
  "md_msd_final_A2": 0.47812985615994513,
  "md_max_displacement_A": 0.7964207645163142,
  "md_coordination_min": 6,
  "md_coordination_max": 7,
  "md_coordination_mean": 6.038369304556355,
  "md_volume_change_pct": 0.0,
  "md_space_group": "P1 (1)",
  "md_mean_nn_distance_A": 2.0576039146152576,
  "charge_mismatch": 0,
  "compensation_applied": false,
  "compensation_description": "isovalent \u2014 no charge compensation needed",
  "notes": [
    "Symmetric multiplicity: 24",
    "Analysis outputs in analysis/T350/LiCoO2_Sc@Co_site24"
  ],
  "timestamp": "2026-05-30T23:01:31",
  "verdict": "STABLE",
  "ef_pass": true,
  "msd_pass": true,
  "coordination_pass": true,
  "lattice_pass": true,
  "space_group_preserved": false
}