{
  "msd_slope_A2_per_ps": -0.0006866855278056683,
  "msd_final_A2": 0.22060124865156489,
  "max_displacement_A": 0.7280963609504157,
  "coordination_min": 4,
  "coordination_max": 5,
  "coordination_mean": 4.998400639744102,
  "mean_nn_distance_A": 1.865099292534729,
  "volume_change_pct": 0.0,
  "space_group": "P1 (1)",
  "n_frames": 2501,
  "output_dir": "analysis/Mn@Co_site16"
}