{
  "test_name": "LiCoO2_La@Co_site24",
  "host_formula": "LiCoO2",
  "dopant": "La",
  "target_site_element": "Co",
  "site_index": 24,
  "supercell_size": 2,
  "formation_energy_eV": -2.0811920166015625,
  "pristine_energy_eV": -829.1768188476562,
  "doped_energy_eV": -847.7653198242188,
  "mu_dopant_eV": -29.711280822753906,
  "mu_removed_eV": -13.203971862792969,
  "relaxed_space_group": "P-3m1 (164)",
  "relaxed_coordination": 6,
  "relaxed_mean_nn_distance_A": 2.222375273822422,
  "relaxed_nn_distances_A": [
    2.2223719950516676,
    2.2223729432076063,
    2.222374879890449,
    2.22237597569522,
    2.222376774058164,
    2.2223790750314247
  ],
  "md_temperature_K": 593.15,
  "md_duration_ps": 25.0,
  "md_msd_slope_A2_per_ps": -0.006349818202807874,
  "md_msd_final_A2": 0.486083779303556,
  "md_max_displacement_A": 1.7436285781655552,
  "md_coordination_min": 1,
  "md_coordination_max": 8,
  "md_coordination_mean": 5.634692246203038,
  "md_volume_change_pct": 0.0,
  "md_space_group": "P1 (1)",
  "md_mean_nn_distance_A": 2.257115003784627,
  "charge_mismatch": 0,
  "compensation_applied": false,
  "compensation_description": "isovalent \u2014 no charge compensation needed",
  "notes": [
    "Symmetric multiplicity: 24",
    "Analysis outputs in analysis/T320/LiCoO2_La@Co_site24"
  ],
  "timestamp": "2026-06-03T05:53:39",
  "verdict": "STRUCTURAL COLLAPSE",
  "ef_pass": true,
  "msd_pass": true,
  "coordination_pass": false,
  "lattice_pass": true,
  "space_group_preserved": false
}