{
  "test_name": "LiCoO2_Mn@Co_site24",
  "host_formula": "LiCoO2",
  "dopant": "Mn",
  "target_site_element": "Co",
  "site_index": 24,
  "supercell_size": 2,
  "formation_energy_eV": -2.125204086303711,
  "pristine_energy_eV": -829.1768188476562,
  "doped_energy_eV": -832.7887573242188,
  "mu_dopant_eV": -14.690706253051758,
  "mu_removed_eV": -13.203971862792969,
  "relaxed_space_group": "P-3m1 (164)",
  "relaxed_coordination": 6,
  "relaxed_mean_nn_distance_A": 1.9049381865873274,
  "relaxed_nn_distances_A": [
    1.9034687835399968,
    1.9035767678846727,
    1.903608423609308,
    1.9061965594731995,
    1.9062262822731344,
    1.9065523027436533
  ],
  "md_temperature_K": 593.15,
  "md_duration_ps": 25.0,
  "md_msd_slope_A2_per_ps": -0.00892182841808923,
  "md_msd_final_A2": 1.559486477202956,
  "md_max_displacement_A": 1.8902782273793675,
  "md_coordination_min": 6,
  "md_coordination_max": 8,
  "md_coordination_mean": 6.03357314148681,
  "md_volume_change_pct": 0.0,
  "md_space_group": "P1 (1)",
  "md_mean_nn_distance_A": 1.923999864446079,
  "charge_mismatch": 0,
  "compensation_applied": false,
  "compensation_description": "isovalent \u2014 no charge compensation needed",
  "notes": [
    "Symmetric multiplicity: 24",
    "Analysis outputs in analysis/T320/LiCoO2_Mn@Co_site24"
  ],
  "timestamp": "2026-05-31T03:14:21",
  "verdict": "STRUCTURAL COLLAPSE",
  "ef_pass": true,
  "msd_pass": true,
  "coordination_pass": false,
  "lattice_pass": true,
  "space_group_preserved": false
}