{
  "test_name": "LiCoO2_Cr@Co_site24",
  "host_formula": "LiCoO2",
  "dopant": "Cr",
  "target_site_element": "Co",
  "site_index": 24,
  "supercell_size": 2,
  "formation_energy_eV": -3.101302146911621,
  "pristine_energy_eV": -829.1768188476562,
  "doped_energy_eV": -833.8145751953125,
  "mu_dopant_eV": -14.740426063537598,
  "mu_removed_eV": -13.203971862792969,
  "relaxed_space_group": "P-3m1 (164)",
  "relaxed_coordination": 6,
  "relaxed_mean_nn_distance_A": 1.9699786780976398,
  "relaxed_nn_distances_A": [
    1.9693113533234987,
    1.9694020701931738,
    1.9694651004496297,
    1.970485567191306,
    1.9705562311969966,
    1.970651746231235
  ],
  "md_temperature_K": 593.15,
  "md_duration_ps": 25.0,
  "md_msd_slope_A2_per_ps": -0.003389982802627981,
  "md_msd_final_A2": 0.10453891361113943,
  "md_max_displacement_A": 1.0550103034318956,
  "md_coordination_min": 6,
  "md_coordination_max": 8,
  "md_coordination_mean": 6.067945643485212,
  "md_volume_change_pct": 0.0,
  "md_space_group": "P1 (1)",
  "md_mean_nn_distance_A": 1.9802516687343312,
  "charge_mismatch": 0,
  "compensation_applied": false,
  "compensation_description": "isovalent \u2014 no charge compensation needed",
  "notes": [
    "Symmetric multiplicity: 24",
    "Analysis outputs in analysis/T320/LiCoO2_Cr@Co_site24"
  ],
  "timestamp": "2026-05-31T01:34:44",
  "verdict": "STRUCTURAL COLLAPSE",
  "ef_pass": true,
  "msd_pass": true,
  "coordination_pass": false,
  "lattice_pass": true,
  "space_group_preserved": false
}