{
  "test_name": "LiCoO2_Fe@Co_site24",
  "host_formula": "LiCoO2",
  "dopant": "Fe",
  "target_site_element": "Co",
  "site_index": 24,
  "supercell_size": 2,
  "formation_energy_eV": -0.3676614761352539,
  "pristine_energy_eV": -829.1768188476562,
  "doped_energy_eV": -830.7734985351562,
  "mu_dopant_eV": -14.432990074157715,
  "mu_removed_eV": -13.203971862792969,
  "relaxed_space_group": "Cm (8)",
  "relaxed_coordination": 6,
  "relaxed_mean_nn_distance_A": 2.0001386426400707,
  "relaxed_nn_distances_A": [
    1.9619859590679594,
    1.963737999902427,
    1.9648875938535308,
    2.0363531029811055,
    2.036507754481744,
    2.0373594455536583
  ],
  "md_temperature_K": 593.15,
  "md_duration_ps": 25.0,
  "md_msd_slope_A2_per_ps": -0.003361712521074687,
  "md_msd_final_A2": 1.7746531733849442,
  "md_max_displacement_A": 1.8038539094716952,
  "md_coordination_min": 6,
  "md_coordination_max": 8,
  "md_coordination_mean": 6.08792965627498,
  "md_volume_change_pct": 0.0,
  "md_space_group": "P1 (1)",
  "md_mean_nn_distance_A": 2.0115450366728043,
  "charge_mismatch": 0,
  "compensation_applied": false,
  "compensation_description": "isovalent \u2014 no charge compensation needed",
  "notes": [
    "Symmetric multiplicity: 24",
    "Analysis outputs in analysis/T320/LiCoO2_Fe@Co_site24"
  ],
  "timestamp": "2026-05-31T04:52:55",
  "verdict": "STRUCTURAL COLLAPSE",
  "ef_pass": true,
  "msd_pass": true,
  "coordination_pass": false,
  "lattice_pass": true,
  "space_group_preserved": false
}