{
  "test_name": "LiCoO2_Ni@Co_site24",
  "host_formula": "LiCoO2",
  "dopant": "Ni",
  "target_site_element": "Co",
  "site_index": 24,
  "supercell_size": 2,
  "formation_energy_eV": 0.6128330230712891,
  "pristine_energy_eV": -829.1768188476562,
  "doped_energy_eV": -827.3028564453125,
  "mu_dopant_eV": -11.942842483520508,
  "mu_removed_eV": -13.203971862792969,
  "relaxed_space_group": "P-3m1 (164)",
  "relaxed_coordination": 6,
  "relaxed_mean_nn_distance_A": 1.9659904454171404,
  "relaxed_nn_distances_A": [
    1.965989934913937,
    1.9659902549215214,
    1.9659905731525238,
    1.9659905795164316,
    1.9659906578864326,
    1.9659906721119975
  ],
  "md_temperature_K": 593.15,
  "md_duration_ps": 25.0,
  "md_msd_slope_A2_per_ps": -0.003128211409001678,
  "md_msd_final_A2": 0.05458482863806096,
  "md_max_displacement_A": 0.5992500632330965,
  "md_coordination_min": 6,
  "md_coordination_max": 8,
  "md_coordination_mean": 6.162270183852917,
  "md_volume_change_pct": 0.0,
  "md_space_group": "P1 (1)",
  "md_mean_nn_distance_A": 1.9962416682370037,
  "charge_mismatch": 0,
  "compensation_applied": false,
  "compensation_description": "isovalent \u2014 no charge compensation needed",
  "notes": [
    "Symmetric multiplicity: 24",
    "Analysis outputs in analysis/T320/LiCoO2_Ni@Co_site24"
  ],
  "timestamp": "2026-05-31T06:34:08",
  "verdict": "STRUCTURAL COLLAPSE",
  "ef_pass": true,
  "msd_pass": true,
  "coordination_pass": false,
  "lattice_pass": true,
  "space_group_preserved": false
}