{
  "test_name": "NaCoO2_Mn@Co_site24",
  "host_formula": "NaCoO2",
  "dopant": "Mn",
  "target_site_element": "Co",
  "site_index": 24,
  "supercell_size": 2,
  "formation_energy_eV": -2.0980730056762695,
  "pristine_energy_eV": -841.4517822265625,
  "doped_energy_eV": -845.0365905761719,
  "mu_dopant_eV": -14.690707206726074,
  "mu_removed_eV": -13.203971862792969,
  "relaxed_space_group": "P-3m1 (164)",
  "relaxed_coordination": 6,
  "relaxed_mean_nn_distance_A": 1.922083004615615,
  "relaxed_nn_distances_A": [
    1.921239935754184,
    1.9213385639996876,
    1.921423394358695,
    1.9227449225795048,
    1.9228269223253844,
    1.9229242886762339
  ],
  "md_temperature_K": 523.15,
  "md_duration_ps": 25.0,
  "md_msd_slope_A2_per_ps": 6.156339634804598e-05,
  "md_msd_final_A2": 0.035866732600550844,
  "md_max_displacement_A": 0.7975721892460292,
  "md_coordination_min": 6,
  "md_coordination_max": 6,
  "md_coordination_mean": 6.0,
  "md_volume_change_pct": 0.0,
  "md_space_group": "P1 (1)",
  "md_mean_nn_distance_A": 1.9373259680180726,
  "charge_mismatch": 0,
  "compensation_applied": false,
  "compensation_description": "isovalent \u2014 no charge compensation needed",
  "notes": [
    "Symmetric multiplicity: 24",
    "Analysis outputs in analysis/NaCoO2_Mn@Co_site24"
  ],
  "timestamp": "2026-05-21T13:47:17",
  "verdict": "STABLE",
  "ef_pass": true,
  "msd_pass": true,
  "coordination_pass": true,
  "lattice_pass": true,
  "space_group_preserved": false
}