{
  "test_name": "Al@Co_site24_rank1",
  "host_formula": "NaCoO2",
  "dopant": "Al",
  "target_site_element": "Co",
  "site_index": 24,
  "supercell_size": 2,
  "formation_energy_eV": -4.78181791305542,
  "pristine_energy_eV": -841.4517822265625,
  "doped_energy_eV": -839.7101440429688,
  "mu_dopant_eV": -6.680514812469482,
  "mu_removed_eV": -13.203970909118652,
  "relaxed_space_group": "P-3m1 (164)",
  "relaxed_coordination": 18,
  "relaxed_mean_nn_distance_A": 2.6248403358464527,
  "relaxed_nn_distances_A": [
    1.9093534251508597,
    1.9097108337475317,
    1.9100374377759206,
    1.9103936016622638,
    1.9107052308486439,
    1.911077643085231,
    2.8773801357550033,
    2.877589323741691,
    2.877940834576802,
    2.8783493288740516,
    2.878700404246471,
    2.8789091522739896,
    3.085407259805083,
    3.085577533118882,
    3.0859065466878683,
    3.086371708562164,
    3.0867530044064235,
    3.0869626409172706
  ],
  "md_temperature_K": 523.15,
  "md_duration_ps": 50.0,
  "md_msd_slope_A2_per_ps": 0.0014536918903297826,
  "md_msd_final_A2": 0.19060459131714666,
  "md_max_displacement_A": 0.9627082253624833,
  "md_coordination_min": 10,
  "md_coordination_max": 16,
  "md_coordination_mean": 13.304278288684527,
  "md_volume_change_pct": 0.0,
  "md_space_group": "P1 (1)",
  "md_mean_nn_distance_A": 2.491074052493071,
  "notes": [
    "Symmetric multiplicity of this site in the pristine supercell: 24",
    "Analysis outputs in analysis\\Al@Co_site24_rank1"
  ],
  "timestamp": "2026-05-18T20:00:25",
  "verdict": "STRUCTURAL COLLAPSE",
  "ef_pass": true,
  "msd_pass": true,
  "coordination_pass": false,
  "lattice_pass": true,
  "space_group_preserved": false
}