{
  "test_name": "KCoO2_Al@Co_site16",
  "host_formula": "KCoO2",
  "dopant": "Al",
  "target_site_element": "Co",
  "site_index": 16,
  "supercell_size": 2,
  "formation_energy_eV": -4.9992265701293945,
  "pristine_energy_eV": -588.21240234375,
  "doped_energy_eV": -586.6881713867188,
  "mu_dopant_eV": -6.680514335632324,
  "mu_removed_eV": -13.203971862792969,
  "relaxed_space_group": "Pm (6)",
  "relaxed_coordination": 5,
  "relaxed_mean_nn_distance_A": 1.8677371405809242,
  "relaxed_nn_distances_A": [
    1.7196053721470208,
    1.9024246310372461,
    1.9034150226760966,
    1.9066191925612666,
    1.906621484482992
  ],
  "md_temperature_K": 473.15,
  "md_duration_ps": 25.0,
  "md_msd_slope_A2_per_ps": -0.0012472466659014137,
  "md_msd_final_A2": 0.17226599738723708,
  "md_max_displacement_A": 0.7374695686163628,
  "md_coordination_min": 4,
  "md_coordination_max": 5,
  "md_coordination_mean": 4.1207034372502,
  "md_volume_change_pct": 0.0,
  "md_space_group": "P1 (1)",
  "md_mean_nn_distance_A": 1.7915191850420475,
  "charge_mismatch": 0,
  "compensation_applied": false,
  "compensation_description": "isovalent \u2014 no charge compensation needed",
  "notes": [
    "Symmetric multiplicity: 16",
    "Analysis outputs in analysis/T200/KCoO2_Al@Co_site16"
  ],
  "timestamp": "2026-05-30T14:28:54",
  "verdict": "STABLE",
  "ef_pass": true,
  "msd_pass": true,
  "coordination_pass": true,
  "lattice_pass": true,
  "space_group_preserved": false
}