{
  "test_name": "KCoO2_Cr@Co_site16",
  "host_formula": "KCoO2",
  "dopant": "Cr",
  "target_site_element": "Co",
  "site_index": 16,
  "supercell_size": 2,
  "formation_energy_eV": -3.427657127380371,
  "pristine_energy_eV": -588.21240234375,
  "doped_energy_eV": -593.176513671875,
  "mu_dopant_eV": -14.740426063537598,
  "mu_removed_eV": -13.203971862792969,
  "relaxed_space_group": "Pm (6)",
  "relaxed_coordination": 5,
  "relaxed_mean_nn_distance_A": 1.8321609918687418,
  "relaxed_nn_distances_A": [
    1.6792951859990253,
    1.868561448065486,
    1.8685616241337082,
    1.8717777485897096,
    1.8726089525557803
  ],
  "md_temperature_K": 473.15,
  "md_duration_ps": 25.0,
  "md_msd_slope_A2_per_ps": -0.00046818894080183625,
  "md_msd_final_A2": 0.32318799090521827,
  "md_max_displacement_A": 0.9161651092517715,
  "md_coordination_min": 4,
  "md_coordination_max": 5,
  "md_coordination_mean": 4.183852917665868,
  "md_volume_change_pct": 0.0,
  "md_space_group": "P1 (1)",
  "md_mean_nn_distance_A": 1.766271883463617,
  "charge_mismatch": 0,
  "compensation_applied": false,
  "compensation_description": "isovalent \u2014 no charge compensation needed",
  "notes": [
    "Symmetric multiplicity: 16",
    "Analysis outputs in analysis/T200/KCoO2_Cr@Co_site16"
  ],
  "timestamp": "2026-05-30T11:55:46",
  "verdict": "STABLE",
  "ef_pass": true,
  "msd_pass": true,
  "coordination_pass": true,
  "lattice_pass": true,
  "space_group_preserved": false
}