{
  "test_name": "KCoO2_Fe@Co_site16",
  "host_formula": "KCoO2",
  "dopant": "Fe",
  "target_site_element": "Co",
  "site_index": 16,
  "supercell_size": 2,
  "formation_energy_eV": -1.042222023010254,
  "pristine_energy_eV": -588.21240234375,
  "doped_energy_eV": -590.483642578125,
  "mu_dopant_eV": -14.432990074157715,
  "mu_removed_eV": -13.203971862792969,
  "relaxed_space_group": "Pm (6)",
  "relaxed_coordination": 5,
  "relaxed_mean_nn_distance_A": 1.9863632885301055,
  "relaxed_nn_distances_A": [
    1.770188919508372,
    2.039637973036357,
    2.0396390715665613,
    2.0411351893212317,
    2.0412152892180044
  ],
  "md_temperature_K": 473.15,
  "md_duration_ps": 25.0,
  "md_msd_slope_A2_per_ps": -0.0015800379396551697,
  "md_msd_final_A2": 0.10812635540046599,
  "md_max_displacement_A": 0.788615530503591,
  "md_coordination_min": 4,
  "md_coordination_max": 5,
  "md_coordination_mean": 4.988009592326139,
  "md_volume_change_pct": 0.0,
  "md_space_group": "P1 (1)",
  "md_mean_nn_distance_A": 1.9870545224147422,
  "charge_mismatch": 0,
  "compensation_applied": false,
  "compensation_description": "isovalent \u2014 no charge compensation needed",
  "notes": [
    "Symmetric multiplicity: 16",
    "Analysis outputs in analysis/T200/KCoO2_Fe@Co_site16"
  ],
  "timestamp": "2026-05-30T12:46:59",
  "verdict": "STABLE",
  "ef_pass": true,
  "msd_pass": true,
  "coordination_pass": true,
  "lattice_pass": true,
  "space_group_preserved": false
}