{
  "test_name": "NaCoO2_Fe@Co_site24",
  "host_formula": "NaCoO2",
  "dopant": "Fe",
  "target_site_element": "Co",
  "site_index": 24,
  "supercell_size": 2,
  "formation_energy_eV": -0.5109109878540039,
  "pristine_energy_eV": -841.4517822265625,
  "doped_energy_eV": -843.1917114257812,
  "mu_dopant_eV": -14.432990074157715,
  "mu_removed_eV": -13.203971862792969,
  "relaxed_space_group": "P-3m1 (164)",
  "relaxed_coordination": 6,
  "relaxed_mean_nn_distance_A": 2.0173271842008256,
  "relaxed_nn_distances_A": [
    2.0156306270443425,
    2.015650352292977,
    2.015661403035612,
    2.0190036485383263,
    2.0190038437057,
    2.0190132305879973
  ],
  "md_temperature_K": 473.15,
  "md_duration_ps": 25.0,
  "md_msd_slope_A2_per_ps": -0.0007981002043673844,
  "md_msd_final_A2": 0.10527364392596884,
  "md_max_displacement_A": 0.7156025613289762,
  "md_coordination_min": 6,
  "md_coordination_max": 6,
  "md_coordination_mean": 6.0,
  "md_volume_change_pct": 0.0,
  "md_space_group": "P1 (1)",
  "md_mean_nn_distance_A": 2.0247507851165203,
  "charge_mismatch": 0,
  "compensation_applied": false,
  "compensation_description": "isovalent \u2014 no charge compensation needed",
  "notes": [
    "Symmetric multiplicity: 24",
    "Analysis outputs in analysis/T200/NaCoO2_Fe@Co_site24"
  ],
  "timestamp": "2026-05-29T20:20:26",
  "verdict": "STABLE",
  "ef_pass": true,
  "msd_pass": true,
  "coordination_pass": true,
  "lattice_pass": true,
  "space_group_preserved": false
}