{
  "test_name": "NaCoO2_Ni@Co_site24",
  "host_formula": "NaCoO2",
  "dopant": "Ni",
  "target_site_element": "Co",
  "site_index": 24,
  "supercell_size": 2,
  "formation_energy_eV": 0.5673923492431641,
  "pristine_energy_eV": -841.4517822265625,
  "doped_energy_eV": -839.6232604980469,
  "mu_dopant_eV": -11.942842483520508,
  "mu_removed_eV": -13.203971862792969,
  "relaxed_space_group": "P-3m1 (164)",
  "relaxed_coordination": 6,
  "relaxed_mean_nn_distance_A": 1.9985650327147475,
  "relaxed_nn_distances_A": [
    1.9985606351023872,
    1.9985616234426449,
    1.9985641529117129,
    1.9985669881631332,
    1.9985683725083174,
    1.998568424160289
  ],
  "md_temperature_K": 473.15,
  "md_duration_ps": 25.0,
  "md_msd_slope_A2_per_ps": 0.0019179145463834367,
  "md_msd_final_A2": 0.35898508188877304,
  "md_max_displacement_A": 0.7790829008100139,
  "md_coordination_min": 6,
  "md_coordination_max": 6,
  "md_coordination_mean": 6.0,
  "md_volume_change_pct": 0.0,
  "md_space_group": "P1 (1)",
  "md_mean_nn_distance_A": 2.005513151011715,
  "charge_mismatch": 0,
  "compensation_applied": false,
  "compensation_description": "isovalent \u2014 no charge compensation needed",
  "notes": [
    "Symmetric multiplicity: 24",
    "Analysis outputs in analysis/T200/NaCoO2_Ni@Co_site24"
  ],
  "timestamp": "2026-05-30T06:29:26",
  "verdict": "STABLE",
  "ef_pass": true,
  "msd_pass": true,
  "coordination_pass": true,
  "lattice_pass": true,
  "space_group_preserved": false
}